id,slur_used,slur_category
fuxkyno,queer,homophobic
fuwn1za,hoe,gendered
fuwwsbw,hoe,gendered
fuwx26z,queer,homophobic
fuwwvwe,mong,ableist
fuwv275,injun,racial
fux2nzw,mong,ableist
fuxdxho,mong,ableist
e4u7cxg,bitch,gendered
e4u9rya,mong,ableist
e4uapbr,mong,ableist
e4ugefs,mong,ableist
e4ujmea,mong,ableist
e4un5iq,mutt,racial
e4uaa9l,globalist,ethnic
fsa4kb0,mong,ableist
fsa2mii,bitch,gendered
fsaplww,mong,ableist
fsa514d,mong,ableist
fsa758m,mong,ableist
fsa6pln,mong,ableist
fsa8ky0,bitch,gendered
fsa8a31,hoe,gendered
fsa773j,mong,ableist
fsauks0,mong,ableist
fsap12x,mong,ableist
fsa8kcc,mong,ableist
fsa85bp,mong,ableist
fsanjrg,colored,racist
g0tj1mt,bitch,gendered
g0t4nib,mong,ableist
g0trway,cunt,gendered
g0t8we7,mong,ableist
g0tb98z,cunt,gendered
g0ti70q,cunt,gendered
g0tg7ot,twat,misogynist
g0tcubs,twat,misogynist
g0tf6de,hoe,gendered
fqi6859,pussies,gendered
fqg1mer,queer,homophobic
fqg1uce,mong,ableist
fqgbkr6,bitch,gendered
fqg3by3,mong,ableist
fqg3by3,hoe,gendered
fqfzpij,mong,ableist
fqgpwgu,hoe,gendered
fqgdlys,bitch,gendered
fvwywnt,mong,ableist
fvwyboj,hoe,gendered
fvwsygr,cracker,racial
fvwv94k,hoe,gendered
fvwpl3s,mong,ableist
fvwtplf,white trash,racial
fvwsq3r,hoe,gendered
fvxa3bz,race traitor,racial
fvwjhl6,raghead,ethnic
fvwzrrg,bitch,gendered
fvwiusj,yellows,racial
fvwuyui,pussy,gendered
fvxbdfn,white trash,racial
fvxbdfn,redneck,classist
fvwu780,bitch,gendered
fvx4swg,redneck,classist
fvxzyvt,pussy,gendered
fwea1w0,mong,ableist
fweb2m9,hoe,gendered
fwdwxxg,mong,ableist
fwf6ppr,mong,ableist
fwer7kq,cunt,gendered
fweahgu,pussy,gendered
fwehcjs,mong,ableist
fwebho8,pussy,gendered
fwecicv,globalist,ethnic
fwekvfh,fag,homophobic
dnm2dri,cunt,gendered
dnm2mis,hoe,gendered
dnm3c4m,bitch,gendered
dnm1gcv,mong,ableist
dnm1umn,pussy,gendered
dnm3djr,bitch,gendered
dnm1pe7,hoe,gendered
dnm3oro,colored,racist
dnm1uu7,hoe,gendered
dboo3s0,mong,ableist
dboo4co,bitch,gendered
dbornyv,hoe,gendered
dbordaq,bitch,gendered
dbozo6q,whore,gendered
fy13ht0,bitch,gendered
fxzt81w,bitch,gendered
fxzyu28,slut,gender
fy0xfwp,bitch,gendered
fxzquss,whore,gendered
fxzquss,slut,gender
fy0sbsy,cunt,gendered
fy13ysd,slut,gender
fy0bpzi,mong,ableist
fxzusba,cracker,racial
e0yokp8,bitch,gendered
e0ypotn,bitch,gendered
e0ywrol,bitch,gendered
e0yaarx,cunt,gendered
e0yb3k9,cunt,gendered
e0y42uv,mong,ableist
e0y6roj,hoe,gendered
e0ypkao,bitch,gendered
e0yf0lq,mong,ableist
e0y7en2,hoe,gendered
e0ya3mv,bitch,gendered
e0z12wh,hoe,gendered
e0ym7sy,pussy,gendered
e0yar0w,bitch,gendered
dy0m59u,cunt,gendered
dy0m3b8,hoe,gendered
dy0l9nr,bitch,gendered
dy0og1b,hoe,gendered
frxxh7z,slut,gender
fs0me5g,bitch,gendered
frxhehb,mong,ableist
fry5s7j,bitch,gendered
frx4spd,whitey,racial
frx1t12,bitch,gendered
frxjtse,slut,gender
frybeyv,cunt,gendered
frxmhbb,monkey,racial
frxirks,whore,gendered
fryrzbu,darkie,racist
frxwdlh,pussy,gendered
g15lyi7,mong,ableist
g153crd,bitch,gendered
g159xnm,bitch,gendered
g15j0pg,cunt,gendered
g15n8gp,cunt,gendered
g15jg0k,mong,ableist
csz2ly0,bitch,gendered
csz32nt,hoe,gendered
csz2jb0,bitch,gendered
csz2ypq,bitch,gendered
csz8dve,hoe,gendered
csz255g,hoe,gendered
csz4cwi,cunt,gendered
csz1yb9,hoe,gendered
csz3g9r,bitch,gendered
csz3ia5,bitch,gendered
cszbmys,bitch,gendered
csz4dyp,twat,misogynist
